annotator,metaphor,FAMILIARITY_synthetic,MEANINGFULNESS_synthetic,DIFFICULTY_synthetic
1,Dopo una cena a base di aglio gli aliti sono fogne insopportabili.,3,2,1
1,Nei processi importanti certi avvocati sono squali senza scrupoli.,4,4,2
1,Secondo l'opinione del generale quegli eserciti sono dighe insormontabili.,3,1,2
1,Quando il tempo stringe gli oratori sono treni ad altà velocità.,1,1,5
1,Nell'arrampicata ad alta quota gli scalatori sono scoiattoli molto agili.,2,3,3
1,A volte nell'educazione degli adolescenti gli schiaffi sono medicine efficaci.,2,1,3
1,Specialmente per le coste italiane gli uragani sono carrarmati devastanti.,1,2,4
1,Davanti ad una punizione certi bambini sono fontane inarrestabili.,1,2,2
1,Nel mondo della speculazione finanziaria i banchieri sono vampiri sempre assetati.,3,4,3
1,Nell'utilizzo di rasoi taglienti i barbieri sono chirurghi altamente specializzati.,4,3,2
1,Negli ambienti di lavoro spesso i colleghi sono zecche fastidiose.,3,2,2
1,All'occhio di un investigatore alle prime armi certi delitti sono rebus insolubili.,4,2,4
1,Alle finali olimpioniche di atletica i ginnasti sono grilli agilissimi.,1,1,4
1,In certi sport americani i giocatori sono elefanti dalla mole imponente.,2,2,2
1,Durante gli scandali nazionali i giornalisti sono avvoltoi senza morale.,3,4,3
1,Nella formazione culturale di ogni persona certi libri sono bussole di grande utilità.,4,5,2
1,Nell'educazione dei giovani certi maestri sono lanterne che illuminano la via.,4,5,2
1,Nelle campagne elettorali certi politici sono calamite per i voti.,4,3,2
1,Nei condomini del centro i portinai sono archivi pronti a spettegolare.,4,4,2
1,Specialmente per le materie umanistiche certi professori sono enciclopedie zeppe di conoscenze.,4,5,3
1,Dopo un grave lutto certi ricordi sono spine dolorose.,5,4,2
1,Nel combattimento corpo a corpo certi soldati sono leoni senza paura.,4,3,3
1,Dopo un anno di duro lavoro i viaggi sono terapie di sicura efficacia.,4,5,2
1,Secondo la giornalista di moda quelle acconciature sono cespugli incolti.,2,1,4
1,Durante la gara di formula uno le automobili sono frecce velocissime.,3,5,2
1,Alla prima dello spettacolo le ballerine sono farfalle molto aggraziate.,3,4,1
1,Per le ricerche di letteratura certe biblioteche sono miniere ricche di informazioni.,4,5,1
1,Per i faccendieri del tribunale le borse sono macigni traboccanti di documenti.,3,4,3
1,Per gli adolescenti amanti del rock certe canzoni sono droghe ipnotiche.,3,4,4
1,Per i bambini maltrattati le carezze sono balsami che curano il trauma.,5,5,2
1,Nell'ora del rientro dal lavoro le città sono giungle caotiche.,4,4,2
1,Nelle poesie dei poeti romantici le fanciulle sono rose delicate.,4,4,2
1,Quando si suda per la tensione le giacche sono forni di calore.,2,2,5
1,Nei bambini appena nati le guance sono pesche liscissime.,4,4,1
1,Alle sfilate di alta moda le indossatrici sono bambole di incantevole bellezza.,4,5,1
1,Con certi insegnanti dell'università le lezioni in classe sono sonniferi potentissimi.,2,1,4
1,Specialmente nei paesi del terzo mondo certe malattie sono cecchini senza pietà.,2,4,3
1,Per i distubi del sonno certe melodie sono camomille rilassanti.,3,4,2
1,Nelle situazioni di crisi economica certe notizie sono terremoti destabilizzanti.,3,4,4
1,Le tasche delle giacche dei nonni sono banche zeppe di monete.,4,3,1
1,Ai matrimoni tradizionali le torte sono montagne di panna e praline.,5,4,2
1,Specialmente nel genere femminile certe voci sono trombe squillanti e fastidiose.,3,3,3
1,Soprattutto nelle culture tradizionali i matrimoni sono querce dalle radici solide.,4,3,2
1,Per molti anziani i figli sono stampelle che sostengono nella vecchiaia.,4,5,2
1,Dopo un temporale le nuvole sono perle di infiniti riflessi.,3,4,2
1,Nelle scelte di vita i dubbi sono ombre che offuscano la via.,4,5,3
1,Nei momenti di sconforto i sogni sono ali per viaggiare lontano.,4,4,4
1,Negli indecisi le opinioni sono pendoli che vanno di qua e di là.,4,3,2
1,Quando si toccano argomenti delicati le parole sono pietre che pesano sull'animo.,4,5,3
1,Nelle persone creative le menti sono vulcani di idee e progetti.,4,5,3
1,Al giorno d'oggi i passatempi sono oasi dal lavoro e dalla frenesia del quotidiano.,5,4,1
1,Specialmente nella adolescenza le passioni sono venti passeggeri e instabili.,4,4,3
1,In un percorso di miglioramento spirituale le virtù sono muscoli da potenziare.,4,5,2
1,Anche dopo molti anni i rimproveri dei genitori sono tatuaggi nella memoria.,4,4,2
1,Per gli animi sensibili le poesie sono sorrisi per il cuore.,4,4,2
1,I malati di artrosi dicono che le fitte sono coltelli nella carne.,4,4,2
1,Specialmente in filosofia certe teorie sono palazzi dalle fragili fondamenta.,4,3,4
1,Specialmente in America certe università sono portaerei che trasportano talenti.,4,4,2
1,Tutti sanno che le amicizie sono alberi che crescono con il tempo.,5,4,1
1,Se non curati con farmaci specifici certi malditesta sono trapani continui.,2,4,4
1,Nei paesi in via di sviluppo le economie sono bombe ad orologeria.,1,4,4
1,Nella memoria dei popoli le stragi sono cicatrici indelebili.,2,5,3
1,In certi momenti gli occhi sono oceani di profondità infinita.,5,5,1
1,Se negative certe amicizie sono virus che infettano il carattere dei giovani.,4,2,4
1,Nelle patologie psichiatriche le ossessioni sono gabbie che imprigionano.,3,5,3
1,Per alcune persone certi profumi sono chiavi per la porta della memoria.,4,4,2
1,Spesso nella vita le delusioni sono zavorre molto pesanti.,4,4,2
1,Nel mondo dello spettacolo certe conoscenze sono ascensori per il successo.,4,5,2
1,Per i soggetti depressi le crisi sono tunnel senza fine.,3,4,4
1,Nella vita le paure sono nodi che impediscono di andare avanti.,4,4,3
1,Nei momenti difficili le speranze sono stelle che illuminano l'anima.,5,5,2
1,Nelle società multietniche le lingue sono ponti tra le persone.,4,5,1
1,Nel caso di alcuni autori certi romanzi sono mappe che aiutano ad orientarsi nella vita.,4,5,3
1,Specialmente nelle relazioni sentimentali i torti sono crepe nell'anima.,4,4,3
1,Nel corso della vita le emozioni sono fulmini che sconvolgono la routine.,4,5,3
1,Quando c'è diffidenza i segreti sono muri tra le persone.,4,4,3
1,In politica e nel commercio certi discorsi sono fiumi che travolgono.,4,4,3
1,Nella società umana i rapporti sono corde che ci legano agli altri.,5,5,2
1,Senza il perdono i rancori sono tarli che divorano l'anima.,4,5,4
1,Negli animi fragili le tentazioni sono reti molto pericolose.,3,4,4
2,Dopo una cena a base di aglio gli aliti sono fogne insopportabili.,3,2,4
2,Nei processi importanti certi avvocati sono squali senza scrupoli.,4,4,2
2,Secondo l'opinione del generale quegli eserciti sono dighe insormontabili.,3,3,2
2,Quando il tempo stringe gli oratori sono treni ad altà velocità.,2,1,4
2,Nell'arrampicata ad alta quota gli scalatori sono scoiattoli molto agili.,1,2,3
2,A volte nell'educazione degli adolescenti gli schiaffi sono medicine efficaci.,2,1,4
2,Specialmente per le coste italiane gli uragani sono carrarmati devastanti.,1,2,4
2,Davanti ad una punizione certi bambini sono fontane inarrestabili.,2,1,4
2,Nel mondo della speculazione finanziaria i banchieri sono vampiri sempre assetati.,3,4,2
2,Nell'utilizzo di rasoi taglienti i barbieri sono chirurghi altamente specializzati.,2,4,1
2,Negli ambienti di lavoro spesso i colleghi sono zecche fastidiose.,3,2,1
2,All'occhio di un investigatore alle prime armi certi delitti sono rebus insolubili.,4,4,2
2,Alle finali olimpioniche di atletica i ginnasti sono grilli agilissimi.,1,1,4
2,In certi sport americani i giocatori sono elefanti dalla mole imponente.,2,2,1
2,Durante gli scandali nazionali i giornalisti sono avvoltoi senza morale.,4,4,1
2,Nella formazione culturale di ogni persona certi libri sono bussole di grande utilità.,4,5,1
2,Nell'educazione dei giovani certi maestri sono lanterne che illuminano la via.,4,4,1
2,Nelle campagne elettorali certi politici sono calamite per i voti.,3,4,2
2,Nei condomini del centro i portinai sono archivi pronti a spettegolare.,4,3,2
2,Specialmente per le materie umanistiche certi professori sono enciclopedie zeppe di conoscenze.,4,5,1
2,Dopo un grave lutto certi ricordi sono spine dolorose.,4,4,2
2,Nel combattimento corpo a corpo certi soldati sono leoni senza paura.,3,4,2
2,Dopo un anno di duro lavoro i viaggi sono terapie di sicura efficacia.,3,4,2
2,Secondo la giornalista di moda quelle acconciature sono cespugli incolti.,3,2,1
2,Durante la gara di formula uno le automobili sono frecce velocissime.,4,4,1
2,Alla prima dello spettacolo le ballerine sono farfalle molto aggraziate.,4,5,1
2,Per le ricerche di letteratura certe biblioteche sono miniere ricche di informazioni.,4,5,1
2,Per i faccendieri del tribunale le borse sono macigni traboccanti di documenti.,3,4,2
2,Per gli adolescenti amanti del rock certe canzoni sono droghe ipnotiche.,3,4,3
2,Per i bambini maltrattati le carezze sono balsami che curano il trauma.,4,5,2
2,Nell'ora del rientro dal lavoro le città sono giungle caotiche.,4,3,3
2,Nelle poesie dei poeti romantici le fanciulle sono rose delicate.,4,5,2
2,Quando si suda per la tensione le giacche sono forni di calore.,4,3,1
2,Nei bambini appena nati le guance sono pesche liscissime.,4,4,1
2,Alle sfilate di alta moda le indossatrici sono bambole di incantevole bellezza.,4,5,1
2,Con certi insegnanti dell'università le lezioni in classe sono sonniferi potentissimi.,3,2,3
2,Specialmente nei paesi del terzo mondo certe malattie sono cecchini senza pietà.,4,4,4
2,Per i distubi del sonno certe melodie sono camomille rilassanti.,4,4,1
2,Nelle situazioni di crisi economica certe notizie sono terremoti destabilizzanti.,3,4,3
2,Le tasche delle giacche dei nonni sono banche zeppe di monete.,5,4,1
2,Ai matrimoni tradizionali le torte sono montagne di panna e praline.,4,5,1
2,Specialmente nel genere femminile certe voci sono trombe squillanti e fastidiose.,3,3,2
2,Soprattutto nelle culture tradizionali i matrimoni sono querce dalle radici solide.,4,4,2
2,Per molti anziani i figli sono stampelle che sostengono nella vecchiaia.,5,4,1
2,Dopo un temporale le nuvole sono perle di infiniti riflessi.,4,3,2
2,Nelle scelte di vita i dubbi sono ombre che offuscano la via.,4,4,3
2,Nei momenti di sconforto i sogni sono ali per viaggiare lontano.,3,5,2
2,Negli indecisi le opinioni sono pendoli che vanno di qua e di là.,4,4,3
2,Quando si toccano argomenti delicati le parole sono pietre che pesano sull'animo.,4,4,4
2,Nelle persone creative le menti sono vulcani di idee e progetti.,4,5,2
2,Al giorno d'oggi i passatempi sono oasi dal lavoro e dalla frenesia del quotidiano.,4,4,2
2,Specialmente nella adolescenza le passioni sono venti passeggeri e instabili.,3,4,4
2,In un percorso di miglioramento spirituale le virtù sono muscoli da potenziare.,4,4,2
2,Anche dopo molti anni i rimproveri dei genitori sono tatuaggi nella memoria.,4,4,4
2,Per gli animi sensibili le poesie sono sorrisi per il cuore.,4,5,1
2,I malati di artrosi dicono che le fitte sono coltelli nella carne.,4,4,3
2,Specialmente in filosofia certe teorie sono palazzi dalle fragili fondamenta.,4,4,3
2,Specialmente in America certe università sono portaerei che trasportano talenti.,4,5,1
2,Tutti sanno che le amicizie sono alberi che crescono con il tempo.,4,5,1
2,Se non curati con farmaci specifici certi malditesta sono trapani continui.,3,4,2
2,Nei paesi in via di sviluppo le economie sono bombe ad orologeria.,4,4,4
2,Nella memoria dei popoli le stragi sono cicatrici indelebili.,4,5,4
2,In certi momenti gli occhi sono oceani di profondità infinita.,4,5,2
2,Se negative certe amicizie sono virus che infettano il carattere dei giovani.,4,4,3
2,Nelle patologie psichiatriche le ossessioni sono gabbie che imprigionano.,4,5,3
2,Per alcune persone certi profumi sono chiavi per la porta della memoria.,4,5,2
2,Spesso nella vita le delusioni sono zavorre molto pesanti.,4,4,3
2,Nel mondo dello spettacolo certe conoscenze sono ascensori per il successo.,4,4,2
2,Per i soggetti depressi le crisi sono tunnel senza fine.,4,4,4
2,Nella vita le paure sono nodi che impediscono di andare avanti.,4,4,2
2,Nei momenti difficili le speranze sono stelle che illuminano l'anima.,4,5,2
2,Nelle società multietniche le lingue sono ponti tra le persone.,4,5,1
2,Nel caso di alcuni autori certi romanzi sono mappe che aiutano ad orientarsi nella vita.,4,5,2
2,Specialmente nelle relazioni sentimentali i torti sono crepe nell'anima.,4,4,3
2,Nel corso della vita le emozioni sono fulmini che sconvolgono la routine.,4,4,4
2,Quando c'è diffidenza i segreti sono muri tra le persone.,4,4,3
2,In politica e nel commercio certi discorsi sono fiumi che travolgono.,4,4,3
2,Nella società umana i rapporti sono corde che ci legano agli altri.,4,5,1
2,Senza il perdono i rancori sono tarli che divorano l'anima.,4,5,3
2,Negli animi fragili le tentazioni sono reti molto pericolose.,4,4,4
3,Dopo una cena a base di aglio gli aliti sono fogne insopportabili.,3,2,1
3,Nei processi importanti certi avvocati sono squali senza scrupoli.,4,4,3
3,Secondo l'opinione del generale quegli eserciti sono dighe insormontabili.,2,3,4
3,Quando il tempo stringe gli oratori sono treni ad altà velocità.,1,2,2
3,Nell'arrampicata ad alta quota gli scalatori sono scoiattoli molto agili.,2,2,3
3,A volte nell'educazione degli adolescenti gli schiaffi sono medicine efficaci.,1,1,1
3,Specialmente per le coste italiane gli uragani sono carrarmati devastanti.,1,2,4
3,Davanti ad una punizione certi bambini sono fontane inarrestabili.,1,1,2
3,Nel mondo della speculazione finanziaria i banchieri sono vampiri sempre assetati.,3,4,3
3,Nell'utilizzo di rasoi taglienti i barbieri sono chirurghi altamente specializzati.,4,3,2
3,Negli ambienti di lavoro spesso i colleghi sono zecche fastidiose.,2,2,2
3,All'occhio di un investigatore alle prime armi certi delitti sono rebus insolubili.,2,3,4
3,Alle finali olimpioniche di atletica i ginnasti sono grilli agilissimi.,1,2,2
3,In certi sport americani i giocatori sono elefanti dalla mole imponente.,1,2,1
3,Durante gli scandali nazionali i giornalisti sono avvoltoi senza morale.,2,4,3
3,Nella formazione culturale di ogni persona certi libri sono bussole di grande utilità.,3,4,2
3,Nell'educazione dei giovani certi maestri sono lanterne che illuminano la via.,3,4,2
3,Nelle campagne elettorali certi politici sono calamite per i voti.,3,3,2
3,Nei condomini del centro i portinai sono archivi pronti a spettegolare.,4,3,2
3,Specialmente per le materie umanistiche certi professori sono enciclopedie zeppe di conoscenze.,4,5,3
3,Dopo un grave lutto certi ricordi sono spine dolorose.,4,4,2
3,Nel combattimento corpo a corpo certi soldati sono leoni senza paura.,3,4,3
3,Dopo un anno di duro lavoro i viaggi sono terapie di sicura efficacia.,4,4,2
3,Secondo la giornalista di moda quelle acconciature sono cespugli incolti.,3,2,2
3,Durante la gara di formula uno le automobili sono frecce velocissime.,2,3,1
3,Alla prima dello spettacolo le ballerine sono farfalle molto aggraziate.,3,4,1
3,Per le ricerche di letteratura certe biblioteche sono miniere ricche di informazioni.,4,5,2
3,Per i faccendieri del tribunale le borse sono macigni traboccanti di documenti.,4,4,3
3,Per gli adolescenti amanti del rock certe canzoni sono droghe ipnotiche.,3,4,3
3,Per i bambini maltrattati le carezze sono balsami che curano il trauma.,4,5,2
3,Nell'ora del rientro dal lavoro le città sono giungle caotiche.,2,4,3
3,Nelle poesie dei poeti romantici le fanciulle sono rose delicate.,3,4,2
3,Quando si suda per la tensione le giacche sono forni di calore.,2,3,2
3,Nei bambini appena nati le guance sono pesche liscissime.,4,4,1
3,Alle sfilate di alta moda le indossatrici sono bambole di incantevole bellezza.,3,4,1
3,Con certi insegnanti dell'università le lezioni in classe sono sonniferi potentissimi.,1,2,4
3,Specialmente nei paesi del terzo mondo certe malattie sono cecchini senza pietà.,2,3,4
3,Per i distubi del sonno certe melodie sono camomille rilassanti.,3,4,2
3,Nelle situazioni di crisi economica certe notizie sono terremoti destabilizzanti.,2,4,3
3,Le tasche delle giacche dei nonni sono banche zeppe di monete.,3,4,1
3,Ai matrimoni tradizionali le torte sono montagne di panna e praline.,4,4,2
3,Specialmente nel genere femminile certe voci sono trombe squillanti e fastidiose.,2,4,2
3,Soprattutto nelle culture tradizionali i matrimoni sono querce dalle radici solide.,3,4,1
3,Per molti anziani i figli sono stampelle che sostengono nella vecchiaia.,4,5,2
3,Dopo un temporale le nuvole sono perle di infiniti riflessi.,3,4,2
3,Nelle scelte di vita i dubbi sono ombre che offuscano la via.,3,4,3
3,Nei momenti di sconforto i sogni sono ali per viaggiare lontano.,3,4,2
3,Negli indecisi le opinioni sono pendoli che vanno di qua e di là.,4,3,2
3,Quando si toccano argomenti delicati le parole sono pietre che pesano sull'animo.,4,5,3
3,Nelle persone creative le menti sono vulcani di idee e progetti.,4,5,3
3,Al giorno d'oggi i passatempi sono oasi dal lavoro e dalla frenesia del quotidiano.,4,5,2
3,Specialmente nella adolescenza le passioni sono venti passeggeri e instabili.,2,4,3
3,In un percorso di miglioramento spirituale le virtù sono muscoli da potenziare.,4,4,3
3,Anche dopo molti anni i rimproveri dei genitori sono tatuaggi nella memoria.,3,5,2
3,Per gli animi sensibili le poesie sono sorrisi per il cuore.,4,5,2
3,I malati di artrosi dicono che le fitte sono coltelli nella carne.,2,4,3
3,Specialmente in filosofia certe teorie sono palazzi dalle fragili fondamenta.,4,4,4
3,Specialmente in America certe università sono portaerei che trasportano talenti.,3,4,3
3,Tutti sanno che le amicizie sono alberi che crescono con il tempo.,4,5,1
3,Se non curati con farmaci specifici certi malditesta sono trapani continui.,2,4,4
3,Nei paesi in via di sviluppo le economie sono bombe ad orologeria.,2,4,4
3,Nella memoria dei popoli le stragi sono cicatrici indelebili.,2,4,3
3,In certi momenti gli occhi sono oceani di profondità infinita.,3,4,3
3,Se negative certe amicizie sono virus che infettano il carattere dei giovani.,2,3,4
3,Nelle patologie psichiatriche le ossessioni sono gabbie che imprigionano.,3,4,3
3,Per alcune persone certi profumi sono chiavi per la porta della memoria.,3,4,2
3,Spesso nella vita le delusioni sono zavorre molto pesanti.,3,4,2
3,Nel mondo dello spettacolo certe conoscenze sono ascensori per il successo.,4,5,3
3,Per i soggetti depressi le crisi sono tunnel senza fine.,2,4,4
3,Nella vita le paure sono nodi che impediscono di andare avanti.,3,4,3
3,Nei momenti difficili le speranze sono stelle che illuminano l'anima.,4,5,2
3,Nelle società multietniche le lingue sono ponti tra le persone.,4,5,2
3,Nel caso di alcuni autori certi romanzi sono mappe che aiutano ad orientarsi nella vita.,4,5,3
3,Specialmente nelle relazioni sentimentali i torti sono crepe nell'anima.,2,4,3
3,Nel corso della vita le emozioni sono fulmini che sconvolgono la routine.,3,4,3
3,Quando c'è diffidenza i segreti sono muri tra le persone.,2,3,3
3,In politica e nel commercio certi discorsi sono fiumi che travolgono.,3,4,4
3,Nella società umana i rapporti sono corde che ci legano agli altri.,4,5,2
3,Senza il perdono i rancori sono tarli che divorano l'anima.,2,4,4
3,Negli animi fragili le tentazioni sono reti molto pericolose.,2,4,4
4,Dopo una cena a base di aglio gli aliti sono fogne insopportabili.,4,3,2
4,Nei processi importanti certi avvocati sono squali senza scrupoli.,5,4,2
4,Secondo l'opinione del generale quegli eserciti sono dighe insormontabili.,4,3,2
4,Quando il tempo stringe gli oratori sono treni ad altà velocità.,2,1,5
4,Nell'arrampicata ad alta quota gli scalatori sono scoiattoli molto agili.,3,2,2
4,A volte nell'educazione degli adolescenti gli schiaffi sono medicine efficaci.,2,1,2
4,Specialmente per le coste italiane gli uragani sono carrarmati devastanti.,1,1,5
4,Davanti ad una punizione certi bambini sono fontane inarrestabili.,2,1,2
4,Nel mondo della speculazione finanziaria i banchieri sono vampiri sempre assetati.,3,4,3
4,Nell'utilizzo di rasoi taglienti i barbieri sono chirurghi altamente specializzati.,4,2,2
4,Negli ambienti di lavoro spesso i colleghi sono zecche fastidiose.,4,2,1
4,All'occhio di un investigatore alle prime armi certi delitti sono rebus insolubili.,4,2,4
4,Alle finali olimpioniche di atletica i ginnasti sono grilli agilissimi.,3,2,3
4,In certi sport americani i giocatori sono elefanti dalla mole imponente.,5,1,2
4,Durante gli scandali nazionali i giornalisti sono avvoltoi senza morale.,4,4,2
4,Nella formazione culturale di ogni persona certi libri sono bussole di grande utilità.,4,3,1
4,Nell'educazione dei giovani certi maestri sono lanterne che illuminano la via.,4,4,1
4,Nelle campagne elettorali certi politici sono calamite per i voti.,3,2,2
4,Nei condomini del centro i portinai sono archivi pronti a spettegolare.,4,2,3
4,Specialmente per le materie umanistiche certi professori sono enciclopedie zeppe di conoscenze.,5,5,1
4,Dopo un grave lutto certi ricordi sono spine dolorose.,5,4,2
4,Nel combattimento corpo a corpo certi soldati sono leoni senza paura.,5,3,2
4,Dopo un anno di duro lavoro i viaggi sono terapie di sicura efficacia.,4,5,2
4,Secondo la giornalista di moda quelle acconciature sono cespugli incolti.,4,2,3
4,Durante la gara di formula uno le automobili sono frecce velocissime.,4,1,1
4,Alla prima dello spettacolo le ballerine sono farfalle molto aggraziate.,4,2,1
4,Per le ricerche di letteratura certe biblioteche sono miniere ricche di informazioni.,5,5,1
4,Per i faccendieri del tribunale le borse sono macigni traboccanti di documenti.,3,2,3
4,Per gli adolescenti amanti del rock certe canzoni sono droghe ipnotiche.,4,2,4
4,Per i bambini maltrattati le carezze sono balsami che curano il trauma.,4,5,1
4,Nell'ora del rientro dal lavoro le città sono giungle caotiche.,3,2,3
4,Nelle poesie dei poeti romantici le fanciulle sono rose delicate.,5,4,2
4,Quando si suda per la tensione le giacche sono forni di calore.,4,1,3
4,Nei bambini appena nati le guance sono pesche liscissime.,5,2,1
4,Alle sfilate di alta moda le indossatrici sono bambole di incantevole bellezza.,5,2,1
4,Con certi insegnanti dell'università le lezioni in classe sono sonniferi potentissimi.,2,1,4
4,Specialmente nei paesi del terzo mondo certe malattie sono cecchini senza pietà.,4,4,3
4,Per i distubi del sonno certe melodie sono camomille rilassanti.,4,4,2
4,Nelle situazioni di crisi economica certe notizie sono terremoti destabilizzanti.,5,4,3
4,Le tasche delle giacche dei nonni sono banche zeppe di monete.,4,2,2
4,Ai matrimoni tradizionali le torte sono montagne di panna e praline.,5,3,1
4,Specialmente nel genere femminile certe voci sono trombe squillanti e fastidiose.,4,2,2
4,Soprattutto nelle culture tradizionali i matrimoni sono querce dalle radici solide.,4,4,1
4,Per molti anziani i figli sono stampelle che sostengono nella vecchiaia.,4,4,2
4,Dopo un temporale le nuvole sono perle di infiniti riflessi.,4,2,1
4,Nelle scelte di vita i dubbi sono ombre che offuscano la via.,4,3,3
4,Nei momenti di sconforto i sogni sono ali per viaggiare lontano.,4,4,2
4,Negli indecisi le opinioni sono pendoli che vanno di qua e di là.,4,3,2
4,Quando si toccano argomenti delicati le parole sono pietre che pesano sull'animo.,5,4,3
4,Nelle persone creative le menti sono vulcani di idee e progetti.,4,5,2
4,Al giorno d'oggi i passatempi sono oasi dal lavoro e dalla frenesia del quotidiano.,4,5,1
4,Specialmente nella adolescenza le passioni sono venti passeggeri e instabili.,4,5,2
4,In un percorso di miglioramento spirituale le virtù sono muscoli da potenziare.,5,4,2
4,Anche dopo molti anni i rimproveri dei genitori sono tatuaggi nella memoria.,5,5,1
4,Per gli animi sensibili le poesie sono sorrisi per il cuore.,5,5,2
4,I malati di artrosi dicono che le fitte sono coltelli nella carne.,4,2,2
4,Specialmente in filosofia certe teorie sono palazzi dalle fragili fondamenta.,5,4,3
4,Specialmente in America certe università sono portaerei che trasportano talenti.,4,4,2
4,Tutti sanno che le amicizie sono alberi che crescono con il tempo.,4,5,1
4,Se non curati con farmaci specifici certi malditesta sono trapani continui.,3,2,3
4,Nei paesi in via di sviluppo le economie sono bombe ad orologeria.,4,4,4
4,Nella memoria dei popoli le stragi sono cicatrici indelebili.,5,5,2
4,In certi momenti gli occhi sono oceani di profondità infinita.,5,4,2
4,Se negative certe amicizie sono virus che infettano il carattere dei giovani.,3,2,4
4,Nelle patologie psichiatriche le ossessioni sono gabbie che imprigionano.,5,5,3
4,Per alcune persone certi profumi sono chiavi per la porta della memoria.,5,4,2
4,Spesso nella vita le delusioni sono zavorre molto pesanti.,4,4,2
4,Nel mondo dello spettacolo certe conoscenze sono ascensori per il successo.,4,4,2
4,Per i soggetti depressi le crisi sono tunnel senza fine.,4,3,4
4,Nella vita le paure sono nodi che impediscono di andare avanti.,5,4,3
4,Nei momenti difficili le speranze sono stelle che illuminano l'anima.,5,5,1
4,Nelle società multietniche le lingue sono ponti tra le persone.,5,4,2
4,Nel caso di alcuni autori certi romanzi sono mappe che aiutano ad orientarsi nella vita.,4,4,2
4,Specialmente nelle relazioni sentimentali i torti sono crepe nell'anima.,5,4,3
4,Nel corso della vita le emozioni sono fulmini che sconvolgono la routine.,5,5,3
4,Quando c'è diffidenza i segreti sono muri tra le persone.,4,4,2
4,In politica e nel commercio certi discorsi sono fiumi che travolgono.,5,3,3
4,Nella società umana i rapporti sono corde che ci legano agli altri.,5,5,1
4,Senza il perdono i rancori sono tarli che divorano l'anima.,5,4,3
4,Negli animi fragili le tentazioni sono reti molto pericolose.,4,5,3
5,Dopo una cena a base di aglio gli aliti sono fogne insopportabili.,3,2,1
5,Nei processi importanti certi avvocati sono squali senza scrupoli.,2,5,3
5,Secondo l'opinione del generale quegli eserciti sono dighe insormontabili.,4,5,2
5,Quando il tempo stringe gli oratori sono treni ad altà velocità.,1,1,4
5,Nell'arrampicata ad alta quota gli scalatori sono scoiattoli molto agili.,2,4,2
5,A volte nell'educazione degli adolescenti gli schiaffi sono medicine efficaci.,1,2,3
5,Specialmente per le coste italiane gli uragani sono carrarmati devastanti.,1,2,3
5,Davanti ad una punizione certi bambini sono fontane inarrestabili.,2,1,3
5,Nel mondo della speculazione finanziaria i banchieri sono vampiri sempre assetati.,3,4,2
5,Nell'utilizzo di rasoi taglienti i barbieri sono chirurghi altamente specializzati.,4,5,2
5,Negli ambienti di lavoro spesso i colleghi sono zecche fastidiose.,2,4,2
5,All'occhio di un investigatore alle prime armi certi delitti sono rebus insolubili.,4,4,4
5,Alle finali olimpioniche di atletica i ginnasti sono grilli agilissimi.,1,1,4
5,In certi sport americani i giocatori sono elefanti dalla mole imponente.,1,2,3
5,Durante gli scandali nazionali i giornalisti sono avvoltoi senza morale.,3,4,2
5,Nella formazione culturale di ogni persona certi libri sono bussole di grande utilità.,2,5,2
5,Nell'educazione dei giovani certi maestri sono lanterne che illuminano la via.,3,5,2
5,Nelle campagne elettorali certi politici sono calamite per i voti.,3,3,2
5,Nei condomini del centro i portinai sono archivi pronti a spettegolare.,5,4,3
5,Specialmente per le materie umanistiche certi professori sono enciclopedie zeppe di conoscenze.,5,5,1
5,Dopo un grave lutto certi ricordi sono spine dolorose.,5,5,2
5,Nel combattimento corpo a corpo certi soldati sono leoni senza paura.,2,5,2
5,Dopo un anno di duro lavoro i viaggi sono terapie di sicura efficacia.,5,4,1
5,Secondo la giornalista di moda quelle acconciature sono cespugli incolti.,4,2,2
5,Durante la gara di formula uno le automobili sono frecce velocissime.,2,5,1
5,Alla prima dello spettacolo le ballerine sono farfalle molto aggraziate.,4,4,2
5,Per le ricerche di letteratura certe biblioteche sono miniere ricche di informazioni.,5,5,1
5,Per i faccendieri del tribunale le borse sono macigni traboccanti di documenti.,3,4,3
5,Per gli adolescenti amanti del rock certe canzoni sono droghe ipnotiche.,4,4,3
5,Per i bambini maltrattati le carezze sono balsami che curano il trauma.,5,5,2
5,Nell'ora del rientro dal lavoro le città sono giungle caotiche.,4,5,3
5,Nelle poesie dei poeti romantici le fanciulle sono rose delicate.,3,4,1
5,Quando si suda per la tensione le giacche sono forni di calore.,2,2,3
5,Nei bambini appena nati le guance sono pesche liscissime.,5,4,2
5,Alle sfilate di alta moda le indossatrici sono bambole di incantevole bellezza.,4,5,1
5,Con certi insegnanti dell'università le lezioni in classe sono sonniferi potentissimi.,2,2,4
5,Specialmente nei paesi del terzo mondo certe malattie sono cecchini senza pietà.,3,4,4
5,Per i distubi del sonno certe melodie sono camomille rilassanti.,4,5,1
5,Nelle situazioni di crisi economica certe notizie sono terremoti destabilizzanti.,4,5,3
5,Le tasche delle giacche dei nonni sono banche zeppe di monete.,5,4,1
5,Ai matrimoni tradizionali le torte sono montagne di panna e praline.,5,5,1
5,Specialmente nel genere femminile certe voci sono trombe squillanti e fastidiose.,4,4,2
5,Soprattutto nelle culture tradizionali i matrimoni sono querce dalle radici solide.,4,5,2
5,Per molti anziani i figli sono stampelle che sostengono nella vecchiaia.,4,5,2
5,Dopo un temporale le nuvole sono perle di infiniti riflessi.,4,5,2
5,Nelle scelte di vita i dubbi sono ombre che offuscano la via.,4,4,3
5,Nei momenti di sconforto i sogni sono ali per viaggiare lontano.,4,4,2
5,Negli indecisi le opinioni sono pendoli che vanno di qua e di là.,5,4,1
5,Quando si toccano argomenti delicati le parole sono pietre che pesano sull'animo.,4,5,4
5,Nelle persone creative le menti sono vulcani di idee e progetti.,5,5,2
5,Al giorno d'oggi i passatempi sono oasi dal lavoro e dalla frenesia del quotidiano.,5,5,1
5,Specialmente nella adolescenza le passioni sono venti passeggeri e instabili.,4,5,3
5,In un percorso di miglioramento spirituale le virtù sono muscoli da potenziare.,4,5,3
5,Anche dopo molti anni i rimproveri dei genitori sono tatuaggi nella memoria.,4,4,4
5,Per gli animi sensibili le poesie sono sorrisi per il cuore.,4,5,1
5,I malati di artrosi dicono che le fitte sono coltelli nella carne.,4,4,3
5,Specialmente in filosofia certe teorie sono palazzi dalle fragili fondamenta.,4,5,4
5,Specialmente in America certe università sono portaerei che trasportano talenti.,4,5,2
5,Tutti sanno che le amicizie sono alberi che crescono con il tempo.,5,5,2
5,Se non curati con farmaci specifici certi malditesta sono trapani continui.,3,5,3
5,Nei paesi in via di sviluppo le economie sono bombe ad orologeria.,4,4,4
5,Nella memoria dei popoli le stragi sono cicatrici indelebili.,5,5,2
5,In certi momenti gli occhi sono oceani di profondità infinita.,4,5,1
5,Se negative certe amicizie sono virus che infettano il carattere dei giovani.,3,2,4
5,Nelle patologie psichiatriche le ossessioni sono gabbie che imprigionano.,3,5,4
5,Per alcune persone certi profumi sono chiavi per la porta della memoria.,4,5,1
5,Spesso nella vita le delusioni sono zavorre molto pesanti.,4,5,2
5,Nel mondo dello spettacolo certe conoscenze sono ascensori per il successo.,4,5,1
5,Per i soggetti depressi le crisi sono tunnel senza fine.,4,5,4
5,Nella vita le paure sono nodi che impediscono di andare avanti.,4,4,3
5,Nei momenti difficili le speranze sono stelle che illuminano l'anima.,4,5,2
5,Nelle società multietniche le lingue sono ponti tra le persone.,5,5,2
5,Nel caso di alcuni autori certi romanzi sono mappe che aiutano ad orientarsi nella vita.,4,5,2
5,Specialmente nelle relazioni sentimentali i torti sono crepe nell'anima.,4,4,4
5,Nel corso della vita le emozioni sono fulmini che sconvolgono la routine.,4,5,3
5,Quando c'è diffidenza i segreti sono muri tra le persone.,4,4,2
5,In politica e nel commercio certi discorsi sono fiumi che travolgono.,4,5,3
5,Nella società umana i rapporti sono corde che ci legano agli altri.,5,5,1
5,Senza il perdono i rancori sono tarli che divorano l'anima.,4,5,4
5,Negli animi fragili le tentazioni sono reti molto pericolose.,4,4,4
6,Dopo una cena a base di aglio gli aliti sono fogne insopportabili.,3,2,1
6,Nei processi importanti certi avvocati sono squali senza scrupoli.,5,4,3
6,Secondo l'opinione del generale quegli eserciti sono dighe insormontabili.,2,5,3
6,Quando il tempo stringe gli oratori sono treni ad altà velocità.,1,3,4
6,Nell'arrampicata ad alta quota gli scalatori sono scoiattoli molto agili.,3,4,2
6,A volte nell'educazione degli adolescenti gli schiaffi sono medicine efficaci.,2,2,4
6,Specialmente per le coste italiane gli uragani sono carrarmati devastanti.,1,1,5
6,Davanti ad una punizione certi bambini sono fontane inarrestabili.,2,2,3
6,Nel mondo della speculazione finanziaria i banchieri sono vampiri sempre assetati.,4,4,3
6,Nell'utilizzo di rasoi taglienti i barbieri sono chirurghi altamente specializzati.,2,3,2
6,Negli ambienti di lavoro spesso i colleghi sono zecche fastidiose.,4,3,2
6,All'occhio di un investigatore alle prime armi certi delitti sono rebus insolubili.,3,3,4
6,Alle finali olimpioniche di atletica i ginnasti sono grilli agilissimi.,1,2,4
6,In certi sport americani i giocatori sono elefanti dalla mole imponente.,1,2,4
6,Durante gli scandali nazionali i giornalisti sono avvoltoi senza morale.,4,4,3
6,Nella formazione culturale di ogni persona certi libri sono bussole di grande utilità.,4,5,2
6,Nell'educazione dei giovani certi maestri sono lanterne che illuminano la via.,4,5,2
6,Nelle campagne elettorali certi politici sono calamite per i voti.,4,4,2
6,Nei condomini del centro i portinai sono archivi pronti a spettegolare.,4,3,4
6,Specialmente per le materie umanistiche certi professori sono enciclopedie zeppe di conoscenze.,5,5,2
6,Dopo un grave lutto certi ricordi sono spine dolorose.,4,4,3
6,Nel combattimento corpo a corpo certi soldati sono leoni senza paura.,3,4,3
6,Dopo un anno di duro lavoro i viaggi sono terapie di sicura efficacia.,4,5,2
6,Secondo la giornalista di moda quelle acconciature sono cespugli incolti.,3,2,4
6,Durante la gara di formula uno le automobili sono frecce velocissime.,3,4,1
6,Alla prima dello spettacolo le ballerine sono farfalle molto aggraziate.,4,4,2
6,Per le ricerche di letteratura certe biblioteche sono miniere ricche di informazioni.,4,5,2
6,Per i faccendieri del tribunale le borse sono macigni traboccanti di documenti.,3,4,3
6,Per gli adolescenti amanti del rock certe canzoni sono droghe ipnotiche.,5,4,2
6,Per i bambini maltrattati le carezze sono balsami che curano il trauma.,4,4,2
6,Nell'ora del rientro dal lavoro le città sono giungle caotiche.,4,4,3
6,Nelle poesie dei poeti romantici le fanciulle sono rose delicate.,4,4,2
6,Quando si suda per la tensione le giacche sono forni di calore.,3,4,3
6,Nei bambini appena nati le guance sono pesche liscissime.,4,4,2
6,Alle sfilate di alta moda le indossatrici sono bambole di incantevole bellezza.,4,5,2
6,Con certi insegnanti dell'università le lezioni in classe sono sonniferi potentissimi.,3,2,4
6,Specialmente nei paesi del terzo mondo certe malattie sono cecchini senza pietà.,3,4,4
6,Per i distubi del sonno certe melodie sono camomille rilassanti.,3,4,2
6,Nelle situazioni di crisi economica certe notizie sono terremoti destabilizzanti.,3,5,4
6,Le tasche delle giacche dei nonni sono banche zeppe di monete.,5,4,2
6,Ai matrimoni tradizionali le torte sono montagne di panna e praline.,5,4,2
6,Specialmente nel genere femminile certe voci sono trombe squillanti e fastidiose.,4,4,3
6,Soprattutto nelle culture tradizionali i matrimoni sono querce dalle radici solide.,4,4,2
6,Per molti anziani i figli sono stampelle che sostengono nella vecchiaia.,4,4,2
6,Dopo un temporale le nuvole sono perle di infiniti riflessi.,4,4,1
6,Nelle scelte di vita i dubbi sono ombre che offuscano la via.,4,5,3
6,Nei momenti di sconforto i sogni sono ali per viaggiare lontano.,4,4,3
6,Negli indecisi le opinioni sono pendoli che vanno di qua e di là.,4,4,3
6,Quando si toccano argomenti delicati le parole sono pietre che pesano sull'animo.,4,5,4
6,Nelle persone creative le menti sono vulcani di idee e progetti.,4,5,3
6,Al giorno d'oggi i passatempi sono oasi dal lavoro e dalla frenesia del quotidiano.,4,5,2
6,Specialmente nella adolescenza le passioni sono venti passeggeri e instabili.,4,4,4
6,In un percorso di miglioramento spirituale le virtù sono muscoli da potenziare.,4,4,3
6,Anche dopo molti anni i rimproveri dei genitori sono tatuaggi nella memoria.,4,4,3
6,Per gli animi sensibili le poesie sono sorrisi per il cuore.,4,4,2
6,I malati di artrosi dicono che le fitte sono coltelli nella carne.,4,4,3
6,Specialmente in filosofia certe teorie sono palazzi dalle fragili fondamenta.,4,4,4
6,Specialmente in America certe università sono portaerei che trasportano talenti.,4,5,3
6,Tutti sanno che le amicizie sono alberi che crescono con il tempo.,5,5,2
6,Se non curati con farmaci specifici certi malditesta sono trapani continui.,5,4,4
6,Nei paesi in via di sviluppo le economie sono bombe ad orologeria.,3,4,4
6,Nella memoria dei popoli le stragi sono cicatrici indelebili.,4,5,4
6,In certi momenti gli occhi sono oceani di profondità infinita.,4,5,3
6,Se negative certe amicizie sono virus che infettano il carattere dei giovani.,4,4,4
6,Nelle patologie psichiatriche le ossessioni sono gabbie che imprigionano.,4,4,4
6,Per alcune persone certi profumi sono chiavi per la porta della memoria.,4,5,2
6,Spesso nella vita le delusioni sono zavorre molto pesanti.,5,4,3
6,Nel mondo dello spettacolo certe conoscenze sono ascensori per il successo.,4,5,2
6,Per i soggetti depressi le crisi sono tunnel senza fine.,4,4,4
6,Nella vita le paure sono nodi che impediscono di andare avanti.,5,4,3
6,Nei momenti difficili le speranze sono stelle che illuminano l'anima.,5,5,3
6,Nelle società multietniche le lingue sono ponti tra le persone.,5,5,2
6,Nel caso di alcuni autori certi romanzi sono mappe che aiutano ad orientarsi nella vita.,4,5,3
6,Specialmente nelle relazioni sentimentali i torti sono crepe nell'anima.,4,4,4
6,Nel corso della vita le emozioni sono fulmini che sconvolgono la routine.,5,5,3
6,Quando c'è diffidenza i segreti sono muri tra le persone.,5,4,3
6,In politica e nel commercio certi discorsi sono fiumi che travolgono.,4,4,4
6,Nella società umana i rapporti sono corde che ci legano agli altri.,5,5,3
6,Senza il perdono i rancori sono tarli che divorano l'anima.,5,4,4
6,Negli animi fragili le tentazioni sono reti molto pericolose.,4,4,4
7,Dopo una cena a base di aglio gli aliti sono fogne insopportabili.,4,3,2
7,Nei processi importanti certi avvocati sono squali senza scrupoli.,4,4,3
7,Secondo l'opinione del generale quegli eserciti sono dighe insormontabili.,2,4,3
7,Quando il tempo stringe gli oratori sono treni ad altà velocità.,1,2,4
7,Nell'arrampicata ad alta quota gli scalatori sono scoiattoli molto agili.,1,2,4
7,A volte nell'educazione degli adolescenti gli schiaffi sono medicine efficaci.,1,2,3
7,Specialmente per le coste italiane gli uragani sono carrarmati devastanti.,1,1,4
7,Davanti ad una punizione certi bambini sono fontane inarrestabili.,2,1,4
7,Nel mondo della speculazione finanziaria i banchieri sono vampiri sempre assetati.,3,4,3
7,Nell'utilizzo di rasoi taglienti i barbieri sono chirurghi altamente specializzati.,2,3,2
7,Negli ambienti di lavoro spesso i colleghi sono zecche fastidiose.,3,2,2
7,All'occhio di un investigatore alle prime armi certi delitti sono rebus insolubili.,2,3,4
7,Alle finali olimpioniche di atletica i ginnasti sono grilli agilissimi.,1,2,3
7,In certi sport americani i giocatori sono elefanti dalla mole imponente.,1,2,3
7,Durante gli scandali nazionali i giornalisti sono avvoltoi senza morale.,4,4,3
7,Nella formazione culturale di ogni persona certi libri sono bussole di grande utilità.,4,5,2
7,Nell'educazione dei giovani certi maestri sono lanterne che illuminano la via.,4,5,2
7,Nelle campagne elettorali certi politici sono calamite per i voti.,3,4,2
7,Nei condomini del centro i portinai sono archivi pronti a spettegolare.,4,3,4
7,Specialmente per le materie umanistiche certi professori sono enciclopedie zeppe di conoscenze.,4,5,2
7,Dopo un grave lutto certi ricordi sono spine dolorose.,3,4,2
7,Nel combattimento corpo a corpo certi soldati sono leoni senza paura.,2,4,3
7,Dopo un anno di duro lavoro i viaggi sono terapie di sicura efficacia.,4,5,2
7,Secondo la giornalista di moda quelle acconciature sono cespugli incolti.,3,1,4
7,Durante la gara di formula uno le automobili sono frecce velocissime.,4,4,2
7,Alla prima dello spettacolo le ballerine sono farfalle molto aggraziate.,3,4,2
7,Per le ricerche di letteratura certe biblioteche sono miniere ricche di informazioni.,4,5,2
7,Per i faccendieri del tribunale le borse sono macigni traboccanti di documenti.,3,4,3
7,Per gli adolescenti amanti del rock certe canzoni sono droghe ipnotiche.,3,4,4
7,Per i bambini maltrattati le carezze sono balsami che curano il trauma.,4,4,2
7,Nell'ora del rientro dal lavoro le città sono giungle caotiche.,4,3,4
7,Nelle poesie dei poeti romantici le fanciulle sono rose delicate.,2,5,3
7,Quando si suda per la tensione le giacche sono forni di calore.,2,3,3
7,Nei bambini appena nati le guance sono pesche liscissime.,4,3,3
7,Alle sfilate di alta moda le indossatrici sono bambole di incantevole bellezza.,4,5,3
7,Con certi insegnanti dell'università le lezioni in classe sono sonniferi potentissimi.,3,2,4
7,Specialmente nei paesi del terzo mondo certe malattie sono cecchini senza pietà.,3,4,4
7,Per i distubi del sonno certe melodie sono camomille rilassanti.,4,5,2
7,Nelle situazioni di crisi economica certe notizie sono terremoti destabilizzanti.,4,5,4
7,Le tasche delle giacche dei nonni sono banche zeppe di monete.,3,2,2
7,Ai matrimoni tradizionali le torte sono montagne di panna e praline.,3,4,2
7,Specialmente nel genere femminile certe voci sono trombe squillanti e fastidiose.,4,3,3
7,Soprattutto nelle culture tradizionali i matrimoni sono querce dalle radici solide.,4,4,3
7,Per molti anziani i figli sono stampelle che sostengono nella vecchiaia.,4,4,3
7,Dopo un temporale le nuvole sono perle di infiniti riflessi.,4,4,4
7,Nelle scelte di vita i dubbi sono ombre che offuscano la via.,4,4,4
7,Nei momenti di sconforto i sogni sono ali per viaggiare lontano.,4,5,2
7,Negli indecisi le opinioni sono pendoli che vanno di qua e di là.,4,4,2
7,Quando si toccano argomenti delicati le parole sono pietre che pesano sull'animo.,4,5,3
7,Nelle persone creative le menti sono vulcani di idee e progetti.,4,5,3
7,Al giorno d'oggi i passatempi sono oasi dal lavoro e dalla frenesia del quotidiano.,4,5,2
7,Specialmente nella adolescenza le passioni sono venti passeggeri e instabili.,4,4,4
7,In un percorso di miglioramento spirituale le virtù sono muscoli da potenziare.,4,5,3
7,Anche dopo molti anni i rimproveri dei genitori sono tatuaggi nella memoria.,4,5,3
7,Per gli animi sensibili le poesie sono sorrisi per il cuore.,4,5,2
7,I malati di artrosi dicono che le fitte sono coltelli nella carne.,3,4,3
7,Specialmente in filosofia certe teorie sono palazzi dalle fragili fondamenta.,4,4,4
7,Specialmente in America certe università sono portaerei che trasportano talenti.,4,4,2
7,Tutti sanno che le amicizie sono alberi che crescono con il tempo.,5,5,2
7,Se non curati con farmaci specifici certi malditesta sono trapani continui.,2,4,4
7,Nei paesi in via di sviluppo le economie sono bombe ad orologeria.,3,5,4
7,Nella memoria dei popoli le stragi sono cicatrici indelebili.,4,5,4
7,In certi momenti gli occhi sono oceani di profondità infinita.,4,5,2
7,Se negative certe amicizie sono virus che infettano il carattere dei giovani.,3,4,4
7,Nelle patologie psichiatriche le ossessioni sono gabbie che imprigionano.,4,4,3
7,Per alcune persone certi profumi sono chiavi per la porta della memoria.,4,4,2
7,Spesso nella vita le delusioni sono zavorre molto pesanti.,4,4,3
7,Nel mondo dello spettacolo certe conoscenze sono ascensori per il successo.,4,4,2
7,Per i soggetti depressi le crisi sono tunnel senza fine.,4,4,4
7,Nella vita le paure sono nodi che impediscono di andare avanti.,4,5,3
7,Nei momenti difficili le speranze sono stelle che illuminano l'anima.,4,5,2
7,Nelle società multietniche le lingue sono ponti tra le persone.,4,5,3
7,Nel caso di alcuni autori certi romanzi sono mappe che aiutano ad orientarsi nella vita.,4,5,3
7,Specialmente nelle relazioni sentimentali i torti sono crepe nell'anima.,4,4,4
7,Nel corso della vita le emozioni sono fulmini che sconvolgono la routine.,4,5,3
7,Quando c'è diffidenza i segreti sono muri tra le persone.,4,3,3
7,In politica e nel commercio certi discorsi sono fiumi che travolgono.,4,4,4
7,Nella società umana i rapporti sono corde che ci legano agli altri.,4,5,2
7,Senza il perdono i rancori sono tarli che divorano l'anima.,4,4,4
7,Negli animi fragili le tentazioni sono reti molto pericolose.,4,4,4
8,Dopo una cena a base di aglio gli aliti sono fogne insopportabili.,3,2,3
8,Nei processi importanti certi avvocati sono squali senza scrupoli.,4,5,2
8,Secondo l'opinione del generale quegli eserciti sono dighe insormontabili.,4,4,2
8,Quando il tempo stringe gli oratori sono treni ad altà velocità.,5,1,5
8,Nell'arrampicata ad alta quota gli scalatori sono scoiattoli molto agili.,2,3,3
8,A volte nell'educazione degli adolescenti gli schiaffi sono medicine efficaci.,3,2,4
8,Specialmente per le coste italiane gli uragani sono carrarmati devastanti.,1,1,1
8,Davanti ad una punizione certi bambini sono fontane inarrestabili.,2,2,3
8,Nel mondo della speculazione finanziaria i banchieri sono vampiri sempre assetati.,4,4,3
8,Nell'utilizzo di rasoi taglienti i barbieri sono chirurghi altamente specializzati.,4,4,3
8,Negli ambienti di lavoro spesso i colleghi sono zecche fastidiose.,2,3,3
8,All'occhio di un investigatore alle prime armi certi delitti sono rebus insolubili.,4,4,2
8,Alle finali olimpioniche di atletica i ginnasti sono grilli agilissimi.,1,1,1
8,In certi sport americani i giocatori sono elefanti dalla mole imponente.,2,3,3
8,Durante gli scandali nazionali i giornalisti sono avvoltoi senza morale.,4,4,3
8,Nella formazione culturale di ogni persona certi libri sono bussole di grande utilità.,3,4,2
8,Nell'educazione dei giovani certi maestri sono lanterne che illuminano la via.,3,5,2
8,Nelle campagne elettorali certi politici sono calamite per i voti.,4,4,2
8,Nei condomini del centro i portinai sono archivi pronti a spettegolare.,3,4,2
8,Specialmente per le materie umanistiche certi professori sono enciclopedie zeppe di conoscenze.,4,4,2
8,Dopo un grave lutto certi ricordi sono spine dolorose.,4,3,3
8,Nel combattimento corpo a corpo certi soldati sono leoni senza paura.,4,4,3
8,Dopo un anno di duro lavoro i viaggi sono terapie di sicura efficacia.,4,5,3
8,Secondo la giornalista di moda quelle acconciature sono cespugli incolti.,2,3,4
8,Durante la gara di formula uno le automobili sono frecce velocissime.,4,4,1
8,Alla prima dello spettacolo le ballerine sono farfalle molto aggraziate.,3,4,2
8,Per le ricerche di letteratura certe biblioteche sono miniere ricche di informazioni.,4,4,2
8,Per i faccendieri del tribunale le borse sono macigni traboccanti di documenti.,3,4,3
8,Per gli adolescenti amanti del rock certe canzoni sono droghe ipnotiche.,3,4,3
8,Per i bambini maltrattati le carezze sono balsami che curano il trauma.,5,5,1
8,Nell'ora del rientro dal lavoro le città sono giungle caotiche.,4,4,3
8,Nelle poesie dei poeti romantici le fanciulle sono rose delicate.,3,5,2
8,Quando si suda per la tensione le giacche sono forni di calore.,3,2,2
8,Nei bambini appena nati le guance sono pesche liscissime.,3,4,2
8,Alle sfilate di alta moda le indossatrici sono bambole di incantevole bellezza.,4,5,2
8,Con certi insegnanti dell'università le lezioni in classe sono sonniferi potentissimi.,1,2,3
8,Specialmente nei paesi del terzo mondo certe malattie sono cecchini senza pietà.,2,4,3
8,Per i distubi del sonno certe melodie sono camomille rilassanti.,3,4,2
8,Nelle situazioni di crisi economica certe notizie sono terremoti destabilizzanti.,4,4,3
8,Le tasche delle giacche dei nonni sono banche zeppe di monete.,4,4,2
8,Ai matrimoni tradizionali le torte sono montagne di panna e praline.,4,4,1
8,Specialmente nel genere femminile certe voci sono trombe squillanti e fastidiose.,2,2,3
8,Soprattutto nelle culture tradizionali i matrimoni sono querce dalle radici solide.,3,4,2
8,Per molti anziani i figli sono stampelle che sostengono nella vecchiaia.,3,4,2
8,Dopo un temporale le nuvole sono perle di infiniti riflessi.,4,5,1
8,Nelle scelte di vita i dubbi sono ombre che offuscano la via.,4,4,2
8,Nei momenti di sconforto i sogni sono ali per viaggiare lontano.,4,4,3
8,Negli indecisi le opinioni sono pendoli che vanno di qua e di là.,4,3,2
8,Quando si toccano argomenti delicati le parole sono pietre che pesano sull'animo.,4,4,3
8,Nelle persone creative le menti sono vulcani di idee e progetti.,4,5,3
8,Al giorno d'oggi i passatempi sono oasi dal lavoro e dalla frenesia del quotidiano.,4,4,2
8,Specialmente nella adolescenza le passioni sono venti passeggeri e instabili.,4,4,3
8,In un percorso di miglioramento spirituale le virtù sono muscoli da potenziare.,4,4,2
8,Anche dopo molti anni i rimproveri dei genitori sono tatuaggi nella memoria.,4,3,4
8,Per gli animi sensibili le poesie sono sorrisi per il cuore.,5,5,1
8,I malati di artrosi dicono che le fitte sono coltelli nella carne.,3,2,4
8,Specialmente in filosofia certe teorie sono palazzi dalle fragili fondamenta.,4,4,3
8,Specialmente in America certe università sono portaerei che trasportano talenti.,4,4,2
8,Tutti sanno che le amicizie sono alberi che crescono con il tempo.,5,5,1
8,Se non curati con farmaci specifici certi malditesta sono trapani continui.,2,3,4
8,Nei paesi in via di sviluppo le economie sono bombe ad orologeria.,4,3,4
8,Nella memoria dei popoli le stragi sono cicatrici indelebili.,4,5,2
8,In certi momenti gli occhi sono oceani di profondità infinita.,3,5,2
8,Se negative certe amicizie sono virus che infettano il carattere dei giovani.,2,4,3
8,Nelle patologie psichiatriche le ossessioni sono gabbie che imprigionano.,3,5,3
8,Per alcune persone certi profumi sono chiavi per la porta della memoria.,4,4,2
8,Spesso nella vita le delusioni sono zavorre molto pesanti.,4,3,2
8,Nel mondo dello spettacolo certe conoscenze sono ascensori per il successo.,4,4,2
8,Per i soggetti depressi le crisi sono tunnel senza fine.,3,5,3
8,Nella vita le paure sono nodi che impediscono di andare avanti.,4,4,2
8,Nei momenti difficili le speranze sono stelle che illuminano l'anima.,4,5,2
8,Nelle società multietniche le lingue sono ponti tra le persone.,4,5,2
8,Nel caso di alcuni autori certi romanzi sono mappe che aiutano ad orientarsi nella vita.,3,4,3
8,Specialmente nelle relazioni sentimentali i torti sono crepe nell'anima.,4,4,3
8,Nel corso della vita le emozioni sono fulmini che sconvolgono la routine.,4,4,3
8,Quando c'è diffidenza i segreti sono muri tra le persone.,4,3,3
8,In politica e nel commercio certi discorsi sono fiumi che travolgono.,4,4,3
8,Nella società umana i rapporti sono corde che ci legano agli altri.,4,4,2
8,Senza il perdono i rancori sono tarli che divorano l'anima.,4,4,3
8,Negli animi fragili le tentazioni sono reti molto pericolose.,3,4,3
9,Dopo una cena a base di aglio gli aliti sono fogne insopportabili.,3,4,2
9,Nei processi importanti certi avvocati sono squali senza scrupoli.,4,5,3
9,Secondo l'opinione del generale quegli eserciti sono dighe insormontabili.,3,4,3
9,Quando il tempo stringe gli oratori sono treni ad altà velocità.,2,3,4
9,Nell'arrampicata ad alta quota gli scalatori sono scoiattoli molto agili.,2,3,2
9,A volte nell'educazione degli adolescenti gli schiaffi sono medicine efficaci.,1,1,1
9,Specialmente per le coste italiane gli uragani sono carrarmati devastanti.,2,2,3
9,Davanti ad una punizione certi bambini sono fontane inarrestabili.,2,2,3
9,Nel mondo della speculazione finanziaria i banchieri sono vampiri sempre assetati.,4,4,4
9,Nell'utilizzo di rasoi taglienti i barbieri sono chirurghi altamente specializzati.,3,4,3
9,Negli ambienti di lavoro spesso i colleghi sono zecche fastidiose.,3,2,2
9,All'occhio di un investigatore alle prime armi certi delitti sono rebus insolubili.,3,3,4
9,Alle finali olimpioniche di atletica i ginnasti sono grilli agilissimi.,2,2,3
9,In certi sport americani i giocatori sono elefanti dalla mole imponente.,2,3,3
9,Durante gli scandali nazionali i giornalisti sono avvoltoi senza morale.,4,5,3
9,Nella formazione culturale di ogni persona certi libri sono bussole di grande utilità.,4,4,2
9,Nell'educazione dei giovani certi maestri sono lanterne che illuminano la via.,4,4,2
9,Nelle campagne elettorali certi politici sono calamite per i voti.,4,4,2
9,Nei condomini del centro i portinai sono archivi pronti a spettegolare.,4,4,4
9,Specialmente per le materie umanistiche certi professori sono enciclopedie zeppe di conoscenze.,4,5,2
9,Dopo un grave lutto certi ricordi sono spine dolorose.,4,4,2
9,Nel combattimento corpo a corpo certi soldati sono leoni senza paura.,4,4,3
9,Dopo un anno di duro lavoro i viaggi sono terapie di sicura efficacia.,4,4,3
9,Secondo la giornalista di moda quelle acconciature sono cespugli incolti.,4,4,3
9,Durante la gara di formula uno le automobili sono frecce velocissime.,2,3,2
9,Alla prima dello spettacolo le ballerine sono farfalle molto aggraziate.,3,4,2
9,Per le ricerche di letteratura certe biblioteche sono miniere ricche di informazioni.,4,5,2
9,Per i faccendieri del tribunale le borse sono macigni traboccanti di documenti.,4,4,4
9,Per gli adolescenti amanti del rock certe canzoni sono droghe ipnotiche.,4,4,4
9,Per i bambini maltrattati le carezze sono balsami che curano il trauma.,4,4,2
9,Nell'ora del rientro dal lavoro le città sono giungle caotiche.,3,4,3
9,Nelle poesie dei poeti romantici le fanciulle sono rose delicate.,4,4,3
9,Quando si suda per la tensione le giacche sono forni di calore.,4,4,3
9,Nei bambini appena nati le guance sono pesche liscissime.,4,4,2
9,Alle sfilate di alta moda le indossatrici sono bambole di incantevole bellezza.,4,5,1
9,Con certi insegnanti dell'università le lezioni in classe sono sonniferi potentissimi.,4,3,3
9,Specialmente nei paesi del terzo mondo certe malattie sono cecchini senza pietà.,4,5,4
9,Per i distubi del sonno certe melodie sono camomille rilassanti.,4,4,2
9,Nelle situazioni di crisi economica certe notizie sono terremoti destabilizzanti.,4,4,4
9,Le tasche delle giacche dei nonni sono banche zeppe di monete.,3,3,2
9,Ai matrimoni tradizionali le torte sono montagne di panna e praline.,4,4,1
9,Specialmente nel genere femminile certe voci sono trombe squillanti e fastidiose.,4,4,3
9,Soprattutto nelle culture tradizionali i matrimoni sono querce dalle radici solide.,4,4,2
9,Per molti anziani i figli sono stampelle che sostengono nella vecchiaia.,4,4,2
9,Dopo un temporale le nuvole sono perle di infiniti riflessi.,4,4,2
9,Nelle scelte di vita i dubbi sono ombre che offuscano la via.,4,4,3
9,Nei momenti di sconforto i sogni sono ali per viaggiare lontano.,4,4,3
9,Negli indecisi le opinioni sono pendoli che vanno di qua e di là.,4,4,2
9,Quando si toccano argomenti delicati le parole sono pietre che pesano sull'animo.,4,4,3
9,Nelle persone creative le menti sono vulcani di idee e progetti.,4,5,3
9,Al giorno d'oggi i passatempi sono oasi dal lavoro e dalla frenesia del quotidiano.,4,5,2
9,Specialmente nella adolescenza le passioni sono venti passeggeri e instabili.,4,5,3
9,In un percorso di miglioramento spirituale le virtù sono muscoli da potenziare.,4,5,2
9,Anche dopo molti anni i rimproveri dei genitori sono tatuaggi nella memoria.,4,4,4
9,Per gli animi sensibili le poesie sono sorrisi per il cuore.,4,5,2
9,I malati di artrosi dicono che le fitte sono coltelli nella carne.,4,4,4
9,Specialmente in filosofia certe teorie sono palazzi dalle fragili fondamenta.,4,5,4
9,Specialmente in America certe università sono portaerei che trasportano talenti.,4,5,3
9,Tutti sanno che le amicizie sono alberi che crescono con il tempo.,4,4,2
9,Se non curati con farmaci specifici certi malditesta sono trapani continui.,4,4,4
9,Nei paesi in via di sviluppo le economie sono bombe ad orologeria.,4,5,4
9,Nella memoria dei popoli le stragi sono cicatrici indelebili.,4,5,4
9,In certi momenti gli occhi sono oceani di profondità infinita.,4,5,3
9,Se negative certe amicizie sono virus che infettano il carattere dei giovani.,4,5,4
9,Nelle patologie psichiatriche le ossessioni sono gabbie che imprigionano.,4,5,4
9,Per alcune persone certi profumi sono chiavi per la porta della memoria.,4,4,3
9,Spesso nella vita le delusioni sono zavorre molto pesanti.,4,4,4
9,Nel mondo dello spettacolo certe conoscenze sono ascensori per il successo.,4,5,2
9,Per i soggetti depressi le crisi sono tunnel senza fine.,4,4,5
9,Nella vita le paure sono nodi che impediscono di andare avanti.,4,4,4
9,Nei momenti difficili le speranze sono stelle che illuminano l'anima.,4,5,3
9,Nelle società multietniche le lingue sono ponti tra le persone.,4,5,2
9,Nel caso di alcuni autori certi romanzi sono mappe che aiutano ad orientarsi nella vita.,4,5,3
9,Specialmente nelle relazioni sentimentali i torti sono crepe nell'anima.,4,5,4
9,Nel corso della vita le emozioni sono fulmini che sconvolgono la routine.,4,5,4
9,Quando c'è diffidenza i segreti sono muri tra le persone.,4,4,3
9,In politica e nel commercio certi discorsi sono fiumi che travolgono.,4,4,4
9,Nella società umana i rapporti sono corde che ci legano agli altri.,4,5,2
9,Senza il perdono i rancori sono tarli che divorano l'anima.,4,5,4
9,Negli animi fragili le tentazioni sono reti molto pericolose.,4,5,4
10,Dopo una cena a base di aglio gli aliti sono fogne insopportabili.,3,2,2
10,Nei processi importanti certi avvocati sono squali senza scrupoli.,4,5,2
10,Secondo l'opinione del generale quegli eserciti sono dighe insormontabili.,4,5,2
10,Quando il tempo stringe gli oratori sono treni ad altà velocità.,1,1,5
10,Nell'arrampicata ad alta quota gli scalatori sono scoiattoli molto agili.,2,4,2
10,A volte nell'educazione degli adolescenti gli schiaffi sono medicine efficaci.,1,1,5
10,Specialmente per le coste italiane gli uragani sono carrarmati devastanti.,1,1,5
10,Davanti ad una punizione certi bambini sono fontane inarrestabili.,1,2,4
10,Nel mondo della speculazione finanziaria i banchieri sono vampiri sempre assetati.,3,4,3
10,Nell'utilizzo di rasoi taglienti i barbieri sono chirurghi altamente specializzati.,2,5,3
10,Negli ambienti di lavoro spesso i colleghi sono zecche fastidiose.,2,2,2
10,All'occhio di un investigatore alle prime armi certi delitti sono rebus insolubili.,3,3,4
10,Alle finali olimpioniche di atletica i ginnasti sono grilli agilissimi.,1,1,5
10,In certi sport americani i giocatori sono elefanti dalla mole imponente.,2,1,4
10,Durante gli scandali nazionali i giornalisti sono avvoltoi senza morale.,4,5,2
10,Nella formazione culturale di ogni persona certi libri sono bussole di grande utilità.,3,4,2
10,Nell'educazione dei giovani certi maestri sono lanterne che illuminano la via.,4,5,2
10,Nelle campagne elettorali certi politici sono calamite per i voti.,3,4,3
10,Nei condomini del centro i portinai sono archivi pronti a spettegolare.,4,4,3
10,Specialmente per le materie umanistiche certi professori sono enciclopedie zeppe di conoscenze.,4,5,2
10,Dopo un grave lutto certi ricordi sono spine dolorose.,3,4,3
10,Nel combattimento corpo a corpo certi soldati sono leoni senza paura.,3,4,2
10,Dopo un anno di duro lavoro i viaggi sono terapie di sicura efficacia.,4,4,4
10,Secondo la giornalista di moda quelle acconciature sono cespugli incolti.,1,1,4
10,Durante la gara di formula uno le automobili sono frecce velocissime.,2,4,3
10,Alla prima dello spettacolo le ballerine sono farfalle molto aggraziate.,1,3,3
10,Per le ricerche di letteratura certe biblioteche sono miniere ricche di informazioni.,3,5,2
10,Per i faccendieri del tribunale le borse sono macigni traboccanti di documenti.,2,4,3
10,Per gli adolescenti amanti del rock certe canzoni sono droghe ipnotiche.,3,4,4
10,Per i bambini maltrattati le carezze sono balsami che curano il trauma.,4,5,2
10,Nell'ora del rientro dal lavoro le città sono giungle caotiche.,4,4,4
10,Nelle poesie dei poeti romantici le fanciulle sono rose delicate.,2,5,3
10,Quando si suda per la tensione le giacche sono forni di calore.,3,3,4
10,Nei bambini appena nati le guance sono pesche liscissime.,2,4,2
10,Alle sfilate di alta moda le indossatrici sono bambole di incantevole bellezza.,5,5,3
10,Con certi insegnanti dell'università le lezioni in classe sono sonniferi potentissimi.,1,1,5
10,Specialmente nei paesi del terzo mondo certe malattie sono cecchini senza pietà.,3,5,3
10,Per i distubi del sonno certe melodie sono camomille rilassanti.,3,5,2
10,Nelle situazioni di crisi economica certe notizie sono terremoti destabilizzanti.,3,5,4
10,Le tasche delle giacche dei nonni sono banche zeppe di monete.,4,4,2
10,Ai matrimoni tradizionali le torte sono montagne di panna e praline.,4,5,2
10,Specialmente nel genere femminile certe voci sono trombe squillanti e fastidiose.,2,4,4
10,Soprattutto nelle culture tradizionali i matrimoni sono querce dalle radici solide.,4,5,2
10,Per molti anziani i figli sono stampelle che sostengono nella vecchiaia.,4,4,3
10,Dopo un temporale le nuvole sono perle di infiniti riflessi.,4,4,3
10,Nelle scelte di vita i dubbi sono ombre che offuscano la via.,4,4,4
10,Nei momenti di sconforto i sogni sono ali per viaggiare lontano.,4,5,3
10,Negli indecisi le opinioni sono pendoli che vanno di qua e di là.,3,4,3
10,Quando si toccano argomenti delicati le parole sono pietre che pesano sull'animo.,4,4,3
10,Nelle persone creative le menti sono vulcani di idee e progetti.,4,5,3
10,Al giorno d'oggi i passatempi sono oasi dal lavoro e dalla frenesia del quotidiano.,4,4,2
10,Specialmente nella adolescenza le passioni sono venti passeggeri e instabili.,3,4,2
10,In un percorso di miglioramento spirituale le virtù sono muscoli da potenziare.,4,5,3
10,Anche dopo molti anni i rimproveri dei genitori sono tatuaggi nella memoria.,4,5,2
10,Per gli animi sensibili le poesie sono sorrisi per il cuore.,4,5,2
10,I malati di artrosi dicono che le fitte sono coltelli nella carne.,3,4,4
10,Specialmente in filosofia certe teorie sono palazzi dalle fragili fondamenta.,3,5,4
10,Specialmente in America certe università sono portaerei che trasportano talenti.,4,5,3
10,Tutti sanno che le amicizie sono alberi che crescono con il tempo.,4,5,2
10,Se non curati con farmaci specifici certi malditesta sono trapani continui.,1,3,4
10,Nei paesi in via di sviluppo le economie sono bombe ad orologeria.,2,4,4
10,Nella memoria dei popoli le stragi sono cicatrici indelebili.,3,5,4
10,In certi momenti gli occhi sono oceani di profondità infinita.,4,5,4
10,Se negative certe amicizie sono virus che infettano il carattere dei giovani.,1,4,4
10,Nelle patologie psichiatriche le ossessioni sono gabbie che imprigionano.,3,4,3
10,Per alcune persone certi profumi sono chiavi per la porta della memoria.,4,5,2
10,Spesso nella vita le delusioni sono zavorre molto pesanti.,3,4,3
10,Nel mondo dello spettacolo certe conoscenze sono ascensori per il successo.,3,5,3
10,Per i soggetti depressi le crisi sono tunnel senza fine.,2,4,4
10,Nella vita le paure sono nodi che impediscono di andare avanti.,4,4,3
10,Nei momenti difficili le speranze sono stelle che illuminano l'anima.,4,5,3
10,Nelle società multietniche le lingue sono ponti tra le persone.,4,5,2
10,Nel caso di alcuni autori certi romanzi sono mappe che aiutano ad orientarsi nella vita.,4,5,3
10,Specialmente nelle relazioni sentimentali i torti sono crepe nell'anima.,3,5,4
10,Nel corso della vita le emozioni sono fulmini che sconvolgono la routine.,4,5,3
10,Quando c'è diffidenza i segreti sono muri tra le persone.,3,5,3
10,In politica e nel commercio certi discorsi sono fiumi che travolgono.,3,5,3
10,Nella società umana i rapporti sono corde che ci legano agli altri.,4,5,2
10,Senza il perdono i rancori sono tarli che divorano l'anima.,4,4,4
10,Negli animi fragili le tentazioni sono reti molto pericolose.,3,4,4
